System,MRR,Hit@1,Hit@3,Hit@5,Avg_Top_Score
S2_RAG_Only,0.4185714285714286,0.36,0.47333333333333333,0.5,1.0
S3_BM25_Only,0.34666137566137567,0.22,0.4266666666666667,0.5066666666666667,1.0
S4_Hybrid_RAG,0.4040079365079365,0.32666666666666666,0.4533333333333333,0.48,0.8861034897963206
S7_Full_Hybrid,0.4040079365079365,0.32666666666666666,0.4533333333333333,0.48,0.8874560328324635
